,MAE,RMSE
Previous day,251.0918731689453,356.4165619398178
LSTM,391.2091979980469,572.4796393759345
